date,Mkt-RF,SMB,HML,RMW,CMA,RF
2015-06-30,-0.006995,-0.026864,0.020937,0.03654,0.02133,0.002087
2015-07-31,0.024788,0.019009,-0.055465,0.015534,-0.009084,0.001987
2015-08-31,-0.094108,-0.048454,0.039451,0.011869,0.008715,0.001773
2015-09-30,0.03943,-0.031909,0.006747,0.002208,-0.002882,0.002582
2015-10-31,-0.044654,-0.072095,0.035331,-0.00677,0.013375,0.003018
2015-11-30,0.041772,-0.001047,0.024037,-0.011514,-0.000353,0.002066
2015-12-31,0.040429,-0.017887,0.031035,-0.003121,-0.009253,0.002023
2016-01-31,-0.036655,-0.048135,0.033386,0.016989,0.027546,0.002858
2016-02-29,0.026414,-0.002649,0.004294,-0.025603,-0.008477,0.000799
2016-03-31,0.023399,-0.002147,0.021282,0.0182,0.001847,0.00166
2016-04-30,0.019275,0.027184,0.009923,0.040926,-0.002627,0.002276
2016-05-31,0.002207,-0.0126,-0.017848,-0.034478,-0.008004,0.002171
2016-06-30,0.088121,-0.008672,0.008285,0.006538,-0.014928,0.002759
2016-07-31,0.014668,0.003643,0.047373,0.025971,0.021234,0.001869
2016-08-31,0.017682,0.011176,-0.02771,0.044251,0.015063,0.002336
2016-09-30,-0.016667,-0.004548,-0.00976,-0.050246,-0.001762,0.001082
2016-10-31,0.019141,-0.006868,-0.019583,-0.011863,-0.01077,0.00314
2016-11-30,-0.030966,-0.041301,-0.015599,0.007378,0.015797,0.001138
2016-12-31,-0.071613,-0.01303,0.026062,0.024249,0.005126,0.001766
2017-01-31,-0.012148,-0.013639,-0.006845,-0.000111,-0.014039,0.002282
2017-02-28,0.028657,0.054769,0.000356,0.004895,-0.025442,0.00355
2017-03-31,0.020002,-0.038693,0.007799,0.002726,0.003768,0.000836
2017-04-30,0.022,-0.006818,0.038074,0.017289,0.027302,0.000778
2017-05-31,0.025601,-0.029107,-0.015438,-0.022819,0.012718,0.001813
2017-06-30,-0.023428,-0.025501,-0.001897,0.012825,-0.018917,0.002267
2017-07-31,0.035794,-0.002246,-0.025248,0.016309,-0.023776,0.001527
2017-08-31,-0.048674,-0.048714,-0.021833,-0.004126,-0.032711,0.001232
2017-09-30,0.017464,0.000319,-0.020223,0.020968,0.029793,0.001805
2017-10-31,0.04215,-0.030441,0.031539,0.016688,0.028076,0.002735
2017-11-30,0.009923,-0.01894,-0.014554,-0.001105,0.016807,0.002466
2017-12-31,0.035356,-0.010243,0.034852,0.004238,-0.042089,0.002848
2018-01-31,-0.044806,-0.062604,-0.008259,0.02933,-0.027766,0.001242
2018-02-28,0.035364,-0.043089,-0.001422,-0.002216,0.028325,0.001554
2018-03-31,-0.036034,-0.016017,0.045435,0.044073,0.017597,0.001798
2018-04-30,0.031149,0.045342,0.034394,-0.021853,-0.016437,0.001448
2018-05-31,0.010431,-0.028065,-0.016461,0.015916,0.021565,0.002191
2018-06-30,-0.075737,-0.003152,-0.020272,-0.023965,0.040822,0.00234
2018-07-31,-0.088478,-0.054332,0.00556,0.008495,-0.012471,0.001615
2018-08-31,0.004239,-0.000539,-0.023513,0.006184,-0.01809,0.002201
2018-09-30,0.012504,0.009042,-0.01587,7.2e-05,-0.006296,0.003088
2018-10-31,-0.058229,-0.017092,-0.010292,0.015992,0.016705,0.001092
2018-11-30,0.030341,0.036359,0.000223,-0.000501,0.001587,0.001278
2018-12-31,-0.025322,-0.010965,0.018148,0.012095,-0.016812,0.003093
2019-01-31,0.109816,-0.001711,0.015091,-0.007092,-0.014938,0.002097
2019-02-28,0.021121,-0.0524,0.03905,0.009648,-0.016511,0.002734
2019-03-31,-0.072618,-0.048625,0.033392,0.023552,0.004702,0.001886
2019-04-30,0.007128,0.006491,-0.003689,0.021775,0.011101,0.001097
2019-05-31,0.043205,-0.023474,-0.008065,-0.030127,-0.010286,0.002973
2019-06-30,0.02688,-0.025799,0.011824,-0.004109,-0.021025,0.002799
2019-07-31,0.011446,0.03294,0.025746,-0.010012,-0.003743,0.001822
2019-08-31,0.07204,0.020531,-0.020251,-0.006995,0.023616,0.003149
2019-09-30,0.056654,0.003447,0.026578,0.040668,0.013031,0.002661
2019-10-31,-0.033346,0.016954,-0.007452,-0.003115,-0.029012,0.001985
2019-11-30,0.012327,-0.013492,0.005723,0.007422,-0.009431,0.00306
2019-12-31,0.112736,0.006149,-0.002159,-0.035425,-0.015144,0.003549
2020-01-31,0.076191,0.010928,0.046981,-0.013949,-0.00782,0.001156
2020-02-29,0.023294,0.017044,0.029256,0.020993,0.010824,0.003433
2020-03-31,0.06666,0.037249,-0.01101,-0.025288,-0.009716,0.002345
2020-04-30,0.007967,-0.022637,-0.008879,0.010141,0.00067,0.002751
2020-05-31,0.04141,-0.00538,-0.05455,-0.00279,-0.004197,0.002052
2020-06-30,0.103028,-0.014328,0.012466,-0.017361,-0.023533,0.000693
2020-07-31,0.079699,0.011447,-0.005586,-0.020557,-0.02186,0.003159
2020-08-31,0.057748,0.035869,0.050605,0.00363,0.006408,0.002152
2020-09-30,-0.025555,0.007299,0.014189,0.024647,0.027774,0.001072
2020-10-31,0.03401,-0.015826,0.039111,-0.00357,0.01895,0.002125
2020-11-30,0.030124,-0.007514,-0.006023,0.008355,-0.003919,0.002038
2020-12-31,-0.011791,0.016749,-0.036797,-0.017761,-0.008773,0.001558
2021-01-31,0.00384,-0.031189,0.019925,-0.017963,-0.006295,0.001342
2021-02-28,-0.054902,0.005219,0.004099,-0.005164,4.8e-05,0.001971
2021-03-31,-0.020313,0.006726,0.036238,0.019801,0.005139,0.001865
2021-04-30,-0.070016,-0.029513,-0.005536,0.028247,0.031859,0.001066
2021-05-31,-0.09707,-0.02737,0.019226,-0.002536,0.003271,0.001553
2021-06-30,-0.017621,0.016911,-0.002274,0.00125,0.01678,0.002319
2021-07-31,-0.040718,-0.02587,0.008996,0.015519,0.017144,0.002851
2021-08-31,-0.039066,-0.003828,-0.016213,0.00158,0.002877,0.002523
2021-09-30,0.011984,-0.003126,0.033411,0.012518,0.015582,0.002809
2021-10-31,-0.053985,-0.016189,-0.003601,0.035452,0.03822,0.000856
2021-11-30,0.004033,-0.019408,0.001349,0.015425,-0.012996,0.001904
2021-12-31,-0.049756,-0.029386,0.008103,-0.016039,-0.023046,0.001377
2022-01-31,0.016278,-0.008721,0.012021,-0.005164,-0.007337,0.002163
2022-02-28,0.074741,-0.00074,0.026164,0.01093,0.004892,0.001357
2022-03-31,-0.05734,-0.046069,0.014626,0.002179,0.014455,0.00107
2022-04-30,0.029534,0.021056,-0.008717,0.009051,0.003198,0.002154
2022-05-31,0.013735,-0.007685,-0.03523,0.022796,-0.007221,0.00315
2022-06-30,0.064058,0.000922,0.059999,-0.009276,0.006209,0.001023
2022-07-31,-0.02276,-0.016901,0.033647,-0.017166,0.022464,0.00185
2022-08-31,-0.034176,-0.031053,0.02582,0.001221,0.006539,0.001628
2022-09-30,-0.025047,-0.048674,0.011971,-0.001541,0.018871,0.001689
2022-10-31,0.0242,0.008859,-0.022416,-0.029637,-0.033473,0.001415
2022-11-30,0.041174,0.048832,0.024898,-0.00495,-0.007585,0.001682
2022-12-31,0.054235,-0.011941,0.004307,-0.025473,-0.006358,0.002505
2023-01-31,-0.001003,-0.029257,-0.001385,0.019919,0.019256,0.001472
2023-02-28,0.00111,0.000792,0.024264,-0.002278,0.006975,0.000902
2023-03-31,0.015412,0.019002,0.00676,-0.004289,-0.014774,0.001445
2023-04-30,0.001398,-0.033309,0.014546,0.020168,-0.024693,0.003148
2023-05-31,0.027408,-0.03041,0.017868,0.020452,-0.003486,0.001821
2023-06-30,0.040664,0.010127,0.06395,-0.009446,0.000849,0.000678
2023-07-31,0.072897,0.052323,-0.021101,0.033376,-0.00941,0.002965
2023-08-31,0.028874,0.030097,0.033699,-0.000699,-0.002957,0.001781
2023-09-30,0.001245,0.000348,0.010512,-0.006824,-0.014621,0.001398
2023-10-31,-0.003727,0.034632,0.026873,-0.008158,-0.025374,0.002407
2023-11-30,0.003011,0.025448,-0.008485,-0.026296,0.028556,0.002372
2023-12-31,-0.052942,0.015741,-0.03041,-0.018791,-0.011609,0.002868
2024-01-31,-0.037873,-0.002307,0.022481,0.032664,-0.009447,0.002194
2024-02-29,-0.010579,-0.033817,0.020789,0.003218,-0.019111,0.003113
2024-03-31,0.024871,0.009053,-0.056692,-0.019206,-0.021442,0.002547
2024-04-30,-0.086641,0.013151,-0.020685,0.00375,-0.028016,0.002874
2024-05-31,-0.028734,-0.015105,0.042016,0.046484,0.021701,0.001777
2024-06-30,-0.054666,0.008185,0.048241,-0.003413,0.010936,0.001261
2024-07-31,0.029485,0.001561,-0.009122,0.014759,0.034597,0.001967
2024-08-31,0.039752,-0.005612,-0.005802,0.020774,-0.0188,0.000598
2024-09-30,-0.026528,-0.035793,0.0046,-0.013269,0.021272,0.002567
2024-10-31,0.002296,0.030271,-0.03771,0.005209,-0.023744,0.003015
2024-11-30,0.015733,-0.002278,-0.010106,0.0102,0.012941,0.001158
2024-12-31,0.003611,0.008108,0.005506,0.039364,0.003771,0.001546
2025-01-31,0.023193,0.051617,-0.013025,-0.051319,0.000253,0.00289
2025-02-28,0.015446,0.008948,0.035386,-0.001266,-0.00923,0.002542
2025-03-31,-0.023632,8.7e-05,0.018967,-0.001375,0.00635,0.00509
2025-04-30,0.0748,-0.032412,0.017549,-0.02494,-0.000326,0.002864
2025-05-31,-0.035918,0.008968,0.008751,0.014971,-0.006078,0.002981
2025-06-30,0.006121,-0.030554,-0.006675,-0.005729,-8e-05,0.003518
2025-07-31,-0.057414,0.002496,0.050324,0.01831,-0.004226,0.002026
2025-08-31,-0.035499,-0.005149,0.022649,0.017383,0.010798,0.001999
2025-09-30,0.063719,0.061155,-0.007857,-0.007598,-0.005756,0.002936
2025-10-31,-0.029311,-0.063309,-0.006022,0.006702,-0.003033,0.003949
2025-11-30,0.046112,0.015324,0.013819,-0.016493,-0.000266,0.00083
2025-12-31,-0.02872,0.012302,-0.018741,-0.007724,0.019389,0.001554
2026-01-31,0.049142,-0.021895,-0.017902,-0.033875,-0.036327,0.001634
2026-02-28,0.042254,0.015372,0.001273,0.004959,0.019104,0.003196
2026-03-31,-0.029336,0.001977,-0.068693,-0.013857,0.002164,0.003453
2026-04-30,-0.025004,-0.027361,0.007351,-0.020097,0.019356,0.002359
2026-05-31,-0.01816,-0.014284,-0.009133,0.015905,-0.019739,0.00209
