date,SPY,QQQ,IWM,EFA,EEM,AGG,TLT,SHY,LQD,HYG,VNQ,GLD,DBC,SGOV
2015-06-30,-0.017918,0.002091,0.016462,0.010511,-0.034217,0.015474,0.088449,0.007912,0.04826,0.048096,-0.024566,-0.029921,0.009212,0.004207
2015-07-31,-0.018981,-0.031007,-0.041294,-0.013416,-0.048369,0.005759,0.023423,0.004078,-0.004865,-0.012915,0.019993,0.012203,0.046644,0.00267
2015-08-31,-0.031983,-0.001722,0.022824,-0.023618,-0.024079,-0.008793,-0.00107,0.003086,-0.009261,0.010634,-0.091611,-0.028534,0.054592,0.002947
2015-09-30,0.045363,0.026852,0.051892,0.024876,0.051937,-0.002844,-0.008427,-0.002233,-0.027096,-0.002025,0.019591,0.050415,0.02307,0.000972
2015-10-31,0.043303,0.047539,0.056626,0.011399,0.049502,-0.003797,0.000482,0.001715,-0.018681,-0.022391,-0.017488,-0.040815,-0.079996,0.001728
2015-11-30,0.045909,0.075822,0.053503,0.054027,0.092671,0.020479,0.045789,0.003947,0.02176,0.013745,0.110517,0.064543,0.033783,0.001668
2015-12-31,0.0556,0.056195,0.081079,0.062893,0.095106,0.007154,-0.028113,-0.005641,-0.036017,0.00333,0.053857,0.042743,0.019632,0.000386
2016-01-31,-0.016152,-0.002015,-0.047599,-0.00385,-0.004515,0.040328,0.043793,0.009888,0.036937,0.050618,0.007163,0.017661,-0.035333,0.002679
2016-02-29,0.025487,-0.011248,0.052358,0.024005,0.029942,0.001559,0.023111,0.008421,0.031839,0.050126,0.07545,0.033598,0.072977,0.00289
2016-03-31,-0.078157,-0.084163,-0.054707,-0.048591,-0.131485,0.006671,0.014587,0.01291,0.031048,0.053147,0.021082,-0.055417,-0.020449,0.007106
2016-04-30,-0.008852,-0.003413,-0.027622,-0.0175,-0.037052,0.02189,0.060135,-0.001518,0.009333,0.008821,0.087624,-0.019588,-0.064471,0.001255
2016-05-31,0.014594,0.058058,0.02999,0.045179,0.001351,-0.002682,-0.000409,0.000851,-0.014726,-0.072638,-0.065001,-0.012465,-0.058465,0.002664
2016-06-30,0.021149,0.059947,0.016213,0.011227,-0.014061,-0.002625,0.04002,0.006088,-0.001079,-0.018509,0.027311,0.001269,-0.023764,0.002505
2016-07-31,0.021678,0.102656,0.05197,0.004559,0.021453,-0.023361,0.015725,-0.006322,-0.012541,-0.032233,-0.049222,0.038982,-0.030789,0.00045
2016-08-31,-0.031374,-0.039534,-0.053083,-0.038678,-0.004381,0.021286,-0.020822,0.00078,0.000511,0.055823,-0.00274,-0.001111,-0.005045,0.001478
2016-09-30,-0.066819,-0.057131,-0.053154,-0.070454,-0.030845,0.012433,0.03929,0.006293,0.020899,0.040686,0.01785,-0.019003,0.016088,0.000216
2016-10-31,0.042744,0.04151,-0.013224,0.014018,0.003404,0.016246,0.061322,-0.003996,0.003382,0.027584,-0.126744,0.017279,0.024389,0.001853
2016-11-30,0.099507,0.016186,0.120339,0.065818,0.044147,0.033769,0.01917,0.005597,0.059987,0.025273,0.082851,-0.025048,0.01557,0.002978
2016-12-31,-0.063528,-0.098503,-0.104407,-0.045788,-0.127365,0.022023,0.045412,0.00798,0.024564,0.033596,-0.032459,-0.003137,-0.058889,0.003798
2017-01-31,-0.005783,0.025505,0.01092,-0.050872,0.021463,0.00741,0.019642,0.004943,-0.020016,-0.021473,-0.011788,-0.02151,-0.009254,0.002502
2017-02-28,-0.021411,-0.026152,-0.015338,-0.02214,-0.039908,0.022799,0.088171,0.01429,0.035248,0.06697,-0.005577,-0.008091,0.041312,-0.002133
2017-03-31,0.020687,-0.026498,0.045092,0.046329,0.043896,0.012327,0.031433,0.000482,-0.003837,-0.012885,0.000108,-0.048808,0.019253,0.004356
2017-04-30,-0.023248,-0.03546,-0.008842,-0.002996,-0.009944,0.000775,-0.070356,0.000403,-0.011952,-0.047988,-0.107954,0.031315,-0.0244,0.001575
2017-05-31,-0.01483,-0.020349,-0.068469,-0.035279,-0.052322,0.009432,0.049254,0.001358,-0.014432,-0.015694,-0.13893,-0.061272,-0.020504,-0.000135
2017-06-30,-0.004999,0.064158,0.064557,0.049692,0.086572,-0.004376,0.064663,-0.004666,-0.002934,-0.007813,-0.034218,-0.029999,0.034064,0.004663
2017-07-31,-0.009364,-0.009961,-0.006289,-0.009169,-0.005452,-0.008399,-0.041159,0.00317,-0.006232,0.004003,-0.021897,0.028881,-0.063617,0.000171
2017-08-31,0.02285,0.027023,0.015658,-0.023529,0.047174,-0.041717,-0.060117,-0.006442,-0.012865,-0.054763,0.009753,-0.021253,-0.028762,-0.001608
2017-09-30,-0.034648,-0.035295,-0.092371,-0.046255,-0.121558,0.032471,0.07884,-0.001999,0.023491,0.028721,-0.071488,-0.05673,-0.07752,0.00213
2017-10-31,0.036875,0.015262,0.03615,0.040206,0.039868,0.00423,-0.023583,0.002804,0.007121,-0.011799,-0.015172,0.037045,0.029453,0.001669
2017-11-30,0.021388,0.062878,0.050626,0.008411,-0.033264,-0.019444,-0.037688,-0.002129,0.008288,-0.019422,0.070577,-0.085144,-0.052474,0.004326
2017-12-31,-0.008347,-0.004287,0.022987,-0.041977,-0.008863,0.001907,-0.003964,0.002599,0.001968,0.05189,0.068394,-0.04638,0.032844,-0.001062
2018-01-31,-0.012932,-0.047888,-0.06435,-0.064322,-0.050346,0.020349,0.017093,0.007324,-0.002516,0.006923,0.023779,-0.054211,-0.007691,0.001476
2018-02-28,-0.064079,-0.069177,-0.090009,-0.052035,-0.019869,-0.004723,-0.021285,0.000579,-0.005976,-0.036313,-0.037829,0.040001,-0.046267,0.000434
2018-03-31,0.052925,0.028205,0.061719,0.077348,0.133684,0.014892,0.064176,0.008711,0.02218,0.035406,0.171116,0.054779,0.083101,0.001821
2018-04-30,-0.050463,-0.057752,-0.071717,-0.059872,-0.021223,0.016606,0.08378,0.004301,0.025094,0.063496,-0.040291,0.052791,-0.066485,0.003281
2018-05-31,-0.060489,-0.013321,-0.0983,-0.010355,-0.037872,0.000676,-0.024784,0.000257,0.034548,0.034005,-0.044419,-0.032947,-0.0661,-0.000598
2018-06-30,0.132801,0.196942,0.138206,0.150411,0.199476,0.008937,0.041399,0.006993,0.02869,0.019225,0.034936,0.087263,0.180472,0.00135
2018-07-31,-0.022532,-0.068102,-0.01409,-0.030898,-0.051479,-0.039548,-0.068499,-0.008367,-0.028871,-0.080253,-0.019204,-0.019196,-0.068604,6.1e-05
2018-08-31,0.021535,0.075309,-0.027629,0.063255,0.061233,0.00575,-0.022557,0.000916,0.009105,0.027884,0.050506,-0.001107,-0.061264,0.001874
2018-09-30,-0.119642,-0.108929,-0.120994,-0.150337,-0.12145,0.044973,0.099865,0.00421,-0.00594,-0.002029,-0.105574,0.086141,-0.010801,0.002615
2018-10-31,0.015331,-0.000487,-0.013377,0.014448,0.016837,-0.010858,-0.023201,-0.001137,-0.03462,-0.020416,0.013626,0.0152,0.022434,0.000413
2018-11-30,-0.015165,0.033054,-0.066315,0.032031,-0.014976,0.004117,0.08314,0.003179,0.052722,0.056263,-0.028303,0.037595,0.040936,0.000791
2018-12-31,0.030083,0.038299,-0.002044,0.012838,-0.056496,0.004076,-0.083836,-0.001108,-0.026239,-0.0378,-0.006749,0.026125,-0.083701,0.000935
2019-01-31,-0.047269,-0.029659,-0.108963,-0.064732,-0.078335,0.00257,0.011195,0.000291,-0.002325,0.050348,-0.006799,0.009231,-0.056423,-0.000245
2019-02-28,-0.025104,-0.032509,-0.023207,-0.006159,-0.025644,-0.011115,0.03623,-0.00253,0.004673,0.008871,-0.029847,-0.002739,-0.082688,-0.002181
2019-03-31,-0.03035,-0.070484,-0.078128,-0.039854,-0.092543,-0.042508,-0.093414,-0.002027,-0.067492,-0.072822,-0.081125,-0.119859,-0.079369,0.001889
2019-04-30,-0.007642,-0.014982,0.060108,0.020989,0.014792,-0.007569,-0.001982,-0.003927,-0.001619,-0.046144,0.031112,-0.010141,0.081821,0.002308
2019-05-31,-0.019903,-0.071724,-0.071701,-0.01405,-0.085132,0.036286,0.00458,0.007957,0.000211,0.043631,0.025225,-0.060945,-0.090341,0.002557
2019-06-30,0.038913,0.015906,0.026362,0.018732,0.032195,0.019803,0.025249,0.003692,0.031207,-0.000725,0.042942,0.120651,0.0864,0.001426
2019-07-31,-0.019319,-0.064676,-0.021606,0.031229,-0.045376,-0.009531,-0.059261,-0.007746,-0.058381,-0.012374,-0.042563,-0.038039,-0.063241,0.001442
2019-08-31,-0.029889,-0.025917,-0.062832,-0.06126,-0.102604,-0.004473,-0.009615,-0.002474,0.006107,0.009357,0.012061,0.002086,-0.057468,0.001898
2019-09-30,-0.024823,0.038444,0.036851,0.0117,-0.006557,0.002212,0.025028,0.00698,0.024226,0.090693,0.089725,0.019596,-0.030155,0.00357
2019-10-31,0.062373,0.055597,0.068172,0.035847,0.058846,0.029787,0.045028,0.008273,-0.017403,0.018688,0.06551,0.067931,0.084216,0.004367
2019-11-30,0.037946,0.041884,0.024243,0.059385,0.050467,-0.007154,0.058137,0.011877,0.018027,0.0485,0.084461,0.127397,0.070235,0.004303
2019-12-31,0.005295,0.052938,0.075192,0.051118,0.0898,-0.00093,-0.034893,-0.005999,-0.012556,-0.026626,-0.009258,0.06782,0.030295,0.004955
2020-01-31,-0.082831,-0.039992,-0.093025,-0.055245,-0.077756,-0.004118,-0.013377,0.006243,-0.008078,-0.011008,-0.126911,-0.029969,-0.112656,0.003419
2020-02-29,0.027626,0.016884,-0.009101,0.030381,0.002009,-0.004403,0.02345,0.003599,-0.028782,0.001924,-0.003388,-0.035723,-0.001155,0.00389
2020-03-31,-0.075609,-0.068871,-0.029832,-0.059799,-0.046055,-0.005371,-0.028784,-0.000831,-0.007931,-0.003572,0.017268,-0.034828,-0.030649,0.000883
2020-04-30,0.03171,-0.030375,-0.019579,0.001209,-0.01085,0.029855,0.026418,-0.002679,-0.009195,0.032952,0.026049,-0.005286,-0.023617,0.002153
2020-05-31,-0.01779,0.004908,-0.05561,0.012908,0.019489,-0.021358,-0.049668,0.005507,-0.007843,-0.001906,0.010602,-0.031767,0.109804,0.001421
2020-06-30,-0.064936,-0.160397,-0.044817,-0.115826,-0.089727,0.010824,-0.003788,0.00644,0.003401,0.027954,-0.123766,-0.036765,-0.004131,0.001981
2020-07-31,0.012057,0.002555,-0.038603,0.026904,0.012188,-0.002793,0.04677,-0.002598,0.00435,0.025614,-0.02998,-0.051395,-0.014335,0.001364
2020-08-31,0.041439,0.055508,-0.016741,0.075259,0.0167,-0.003078,-0.018218,0.000789,-0.007312,-0.013031,0.036328,0.019517,0.058836,0.003735
2020-09-30,0.052444,0.097816,0.004929,0.097951,0.027399,0.01002,0.017143,0.003071,0.011319,0.035913,0.115864,0.082399,0.029728,0.004096
2020-10-31,0.05728,0.044509,0.03216,-0.024077,0.034135,0.019863,-0.013955,0.003787,0.002536,0.023945,0.064198,0.014083,0.099768,0.000345
2020-11-30,-0.010556,0.017252,0.06262,0.034441,0.086606,-0.000282,-0.020615,-0.000993,-0.022878,-0.043668,0.018765,0.043161,0.059188,0.001059
2020-12-31,0.055187,0.034558,0.033398,-0.003135,0.040154,-0.021913,-0.035829,-0.008846,-0.019773,-0.055229,-0.042967,-0.01368,-0.051378,0.00174
2021-01-31,-0.086639,-0.045769,-0.047986,-0.000518,-0.009184,0.03802,-0.014874,-0.004479,-0.01113,-0.024241,-0.072377,0.004171,-0.061194,0.00272
2021-02-28,-0.023134,-0.035274,-0.057165,-0.042465,0.032655,0.013791,0.091338,0.005273,0.006284,0.020735,0.02654,0.024445,-0.039605,-0.000215
2021-03-31,-0.010658,0.023125,0.029112,0.014367,0.020291,0.022124,0.01759,0.000716,0.03752,0.039256,0.001598,0.013805,0.055567,0.002979
2021-04-30,-0.030977,0.002439,-0.064522,-0.023692,-0.025053,0.00662,0.056756,0.013891,0.048582,0.048289,0.014032,0.03786,0.014112,0.004514
2021-05-31,0.030656,0.002782,-0.00491,0.020505,0.032267,-0.003333,-0.010431,0.003362,0.001727,0.005849,-0.029092,0.010952,0.019899,0.001447
2021-06-30,-0.011097,0.004324,-0.024864,0.008917,-0.076525,-0.003949,0.027537,0.002813,0.00246,0.011061,-0.015813,-0.01474,-0.109567,0.002575
2021-07-31,-0.009227,0.006504,0.00141,-0.034485,0.005052,-0.01127,0.016256,-0.003106,-0.014068,-0.021046,0.047814,-0.090503,-0.090257,0.001935
2021-08-31,-0.055729,-0.063741,-0.047812,-0.035836,-0.021225,0.008287,0.043279,0.001452,0.017829,0.052342,-0.055918,-0.025043,-0.011524,0.002813
2021-09-30,0.067108,0.074691,0.07201,0.051298,0.144378,-0.001314,0.071152,0.002854,0.025179,0.041614,0.010151,0.050466,-0.009384,0.00428
2021-10-31,0.008231,0.037195,0.031263,0.072238,0.030984,-0.005635,-0.012536,0.005156,-0.014182,0.003204,0.066176,0.069429,-0.012812,0.006982
2021-11-30,0.010958,0.046596,0.051256,0.068014,0.055265,-0.00496,-0.074394,-0.004172,-0.005266,-0.011519,-0.020028,0.009057,0.000694,0.00204
2021-12-31,-0.025601,-0.048214,-0.021526,-0.069671,-0.027595,-0.004005,0.002997,-0.003215,0.008723,-0.020306,-0.018129,0.05357,-0.070695,0.003141
2022-01-31,0.065519,0.099501,0.056489,0.070251,0.064589,0.017643,0.023672,0.006432,0.031094,0.012782,0.022447,0.112308,0.09374,0.000652
2022-02-28,-0.056772,-0.047759,0.021641,0.003718,-0.019333,0.002305,-0.002006,-0.001537,-0.01169,0.010221,0.019854,-0.01914,-0.03031,0.004367
2022-03-31,-0.114086,-0.191584,-0.135911,-0.073628,-0.162628,0.00123,-0.015029,0.002153,-0.040701,-0.064374,-0.190308,0.046428,-0.113447,0.003365
2022-04-30,0.000715,-0.049119,-0.020375,-0.050005,-0.058086,0.00465,-0.009588,-0.005569,-0.047465,0.00536,-0.082003,-0.008166,-0.072559,0.001238
2022-05-31,-0.036093,-0.006916,-0.041932,0.025192,0.026618,0.020588,-0.021926,0.004251,0.009942,0.030492,0.115705,0.083778,0.047222,-0.000599
2022-06-30,0.009232,0.077193,0.037232,0.044812,0.090988,5.2e-05,0.024052,0.004363,0.004078,0.016165,0.006323,-0.005653,0.022864,0.001958
2022-07-31,-0.071451,-0.06675,-0.1363,-0.039723,-0.050471,-0.010602,-0.020679,-0.001624,-0.041987,-0.047578,-0.073067,0.028001,-0.088992,0.001579
2022-08-31,0.01098,0.002383,0.033996,0.037791,0.026684,0.007297,-0.025223,-0.006799,-0.045908,0.009334,0.097021,0.078975,0.050159,-0.001854
2022-09-30,0.050149,0.107009,0.065076,0.063267,0.116905,-0.01359,-0.020676,-0.00407,-0.004404,-0.034356,-0.005681,0.058035,-0.017367,0.00016
2022-10-31,0.020639,0.071657,0.087596,0.028952,0.102461,0.006577,-0.008535,0.005001,0.016122,-0.039899,0.049852,0.023401,0.07307,0.00232
2022-11-30,-0.007551,0.016527,-0.032083,0.006591,0.034363,0.015991,0.004461,0.012329,0.031677,0.032194,0.10766,0.035814,0.096213,0.001438
2022-12-31,-0.025912,-0.021119,-0.06079,-0.059248,-0.061741,-0.010564,0.003086,-0.000156,0.027707,-0.015893,-0.054286,-0.031345,0.002224,0.002591
2023-01-31,0.068092,-0.001748,0.055601,0.078232,0.039213,0.007878,-0.001345,-0.001261,0.018712,0.050531,0.021195,0.056181,-0.035927,0.002174
2023-02-28,-0.086645,-0.071157,-0.054266,-0.080857,-0.158734,0.00647,-0.038857,0.000562,-0.020316,0.026804,-0.093093,-0.083834,-0.072998,-0.001773
2023-03-31,0.003232,0.018855,-0.104774,-0.016107,-0.015414,-0.015749,-0.063425,-0.000621,-0.022623,-0.002832,0.006641,-0.103207,0.011113,0.005051
2023-04-30,0.053933,0.016064,0.024697,0.044956,0.011511,0.020537,0.021624,0.002144,0.00261,-0.002452,0.031484,-0.00192,-0.079256,0.003441
2023-05-31,0.063176,0.084077,0.088587,0.056879,0.164069,-0.000918,0.071427,0.004078,-0.004482,-0.019465,0.075824,0.095885,0.120362,0.001399
2023-06-30,0.065216,0.08816,0.078483,0.054485,0.080469,-0.021033,-0.125385,-0.006662,-0.001621,-0.045805,-0.021411,0.011367,0.01318,0.001101
2023-07-31,0.051145,0.038436,0.016907,0.009512,0.066658,0.007623,0.031154,-0.000401,0.044644,0.046893,0.019694,-0.017759,-0.019125,0.003659
2023-08-31,-0.090335,-0.011302,-0.011567,-0.031125,-0.02087,0.017506,0.068802,-0.000577,0.017764,0.020407,0.036752,0.042311,0.022669,0.002265
2023-09-30,-0.018862,-0.07053,-0.110307,-0.084432,-0.049812,0.020695,0.006883,0.008772,0.035591,0.062987,-0.008923,-0.053246,0.014679,-0.000323
2023-10-31,-0.041242,-0.064406,-0.066656,-0.07264,-0.049851,-0.019473,0.015835,-0.004728,0.009034,0.019674,-0.013545,-0.048206,-0.025449,0.004062
2023-11-30,-0.023215,-0.071856,-0.086236,-0.071441,-0.092447,0.025338,0.051346,0.009417,0.021705,0.026402,-0.111299,0.034509,0.026184,0.003693
2023-12-31,-0.072987,-0.005635,0.012191,0.01608,-0.061902,-0.021169,-0.023299,-0.004765,-0.023558,0.000132,-0.017853,-0.069532,-0.026883,0.002486
2024-01-31,0.081939,0.074598,0.053575,0.078252,0.123496,-0.012686,-0.084342,0.001423,-0.028321,-0.038551,0.023438,0.097035,0.014356,0.001892
2024-02-29,-0.088925,-0.08668,-0.126121,-0.108434,-0.161754,0.013905,0.02122,-0.003623,-0.021252,-0.003674,-0.14545,-0.015325,-0.025641,-0.00126
2024-03-31,0.047167,-0.058921,0.029506,0.011791,-0.005377,-0.02051,-0.074865,-0.003675,-0.015745,-0.037949,0.005197,-0.06579,0.025086,0.002458
2024-04-30,-0.053813,-0.031159,-0.063457,-0.025024,-0.057092,0.018668,-0.001773,0.00496,0.002574,0.023184,-0.00705,-0.021543,0.057402,6.7e-05
2024-05-31,-0.036261,-0.039974,-0.058707,-0.042072,-0.055495,0.018691,-0.025694,0.006632,0.053307,0.047335,0.046151,0.021783,0.006625,0.003083
2024-06-30,0.015898,0.059585,0.026358,0.110296,0.072512,0.011744,0.010244,0.005148,0.054651,0.118212,0.163838,-0.041167,-0.001753,0.00605
2024-07-31,-0.058407,-0.090236,-0.056059,-0.027737,-0.064872,0.020162,0.030222,-0.001281,0.002506,-0.042385,0.035702,-3e-05,-0.112379,0.004551
2024-08-31,0.037467,0.05615,-0.013137,0.035761,0.001918,-0.007237,-0.032304,-0.005144,-0.043403,-0.028275,-0.011039,0.038131,0.007234,0.001323
2024-09-30,0.037986,0.091765,0.077338,0.077012,0.080506,0.014024,0.010035,-0.000785,-0.001248,0.037281,0.089485,0.083742,0.025956,0.002546
2024-10-31,-0.000924,-0.029429,-0.088937,-0.020154,-0.073285,0.005544,0.059303,0.009057,-0.009103,0.048476,0.028456,0.010015,0.022698,0.001857
2024-11-30,-0.044677,-0.012809,-0.061802,0.003575,-0.006828,0.019103,0.01574,0.006175,0.013775,0.045816,0.028111,-0.104514,0.02618,0.002906
2024-12-31,0.02707,-0.064691,-0.020635,0.000118,0.008663,-0.001917,-0.019875,-0.000164,0.005828,-0.005188,-0.051246,-0.024854,0.061653,0.001349
2025-01-31,-0.013723,-0.089453,0.026517,0.025637,0.00994,0.006625,0.028126,0.005884,0.016441,0.001373,0.001378,-0.01703,-0.00597,0.004142
2025-02-28,0.012626,0.019179,-0.037341,0.022331,0.027026,-0.017288,-0.018873,-0.008387,-0.002724,-0.019405,0.024419,0.020443,-0.141269,0.003605
2025-03-31,0.034606,0.039828,-0.024893,-0.001131,0.032226,0.017366,0.046946,0.002345,0.010963,0.029505,0.046642,-0.060405,-0.061151,0.004368
2025-04-30,-0.043427,-0.026112,0.011604,-0.022351,-0.081225,-0.025731,0.018658,0.002916,-0.007725,-0.048651,0.034277,-0.023864,0.027587,0.000725
2025-05-31,-0.035741,0.014411,0.027053,0.006252,-0.045622,0.000689,-0.010475,-0.000995,0.018285,-0.001095,-0.002239,-0.020484,0.019549,0.001553
2025-06-30,0.082854,0.094408,0.070159,0.057983,0.114808,0.032928,0.05961,0.001506,0.013062,0.045364,0.086896,0.060259,0.029325,0.00147
2025-07-31,0.026833,0.117649,0.075384,0.109159,0.116742,-0.011451,0.057334,0.000837,0.022758,0.021738,0.011993,0.026119,-0.04269,0.002719
2025-08-31,-0.051771,-0.03318,-0.080526,-0.041998,-0.083739,0.012513,-0.051883,0.004839,-0.001209,-0.011919,0.031744,-0.051144,0.009847,-0.000466
2025-09-30,0.048052,0.067395,0.076184,0.051958,0.062527,0.002342,-0.042674,-0.004604,-0.02705,-0.028663,-0.070288,-0.027138,0.008969,0.003606
2025-10-31,0.052735,0.048071,0.062749,0.093552,0.127536,-0.003646,0.022265,-0.00101,-0.006807,-0.005464,0.088656,0.033745,0.025987,0.003736
2025-11-30,0.012921,0.019318,0.074946,-0.017469,0.068375,0.010873,-0.026941,-4e-05,-0.011135,0.034125,0.089,0.053548,0.042664,0.00032
2025-12-31,0.082228,0.051143,0.013943,0.03426,0.146746,0.010124,0.003947,-0.000823,0.034003,0.037102,0.074302,0.020333,-0.020197,0.002624
2026-01-31,0.025547,0.100609,0.135381,0.060004,0.097543,-0.018207,0.007457,-0.008469,-0.005387,-0.031976,-0.032114,-0.051579,0.021718,0.002045
2026-02-28,0.006859,-0.001673,-0.024657,-0.003071,-0.023543,0.006721,0.006315,0.002307,-0.001643,0.007331,0.073451,-0.022758,-0.051811,-0.001251
2026-03-31,-0.012598,0.005422,0.030179,-3.6e-05,-0.050578,0.002014,0.054888,0.005801,0.028644,0.021904,-0.036209,-0.050372,-0.044441,0.001691
2026-04-30,0.083868,0.126425,0.156533,0.079508,0.184586,0.003212,-0.016809,-0.002705,0.014829,0.01499,0.004351,0.040603,0.076615,0.003012
2026-05-31,-0.047572,-0.002751,-0.025357,-0.008113,-0.06476,0.014646,-0.008908,0.000309,-0.033558,-0.021097,-0.015802,0.027218,0.000724,2.8e-05
