profile_name,analysis_scope,factor,coefficient,t_stat,p_value,r_squared,observations
Capital Preservation,Equity Sleeve,Alpha,-0.0015470162620432838,-0.3537453667656971,0.7241209444525618,0.014262336291270605,132
Capital Preservation,Equity Sleeve,Mkt-RF,-0.032961339129284055,-0.31526341066256613,0.7530831981704268,0.014262336291270605,132
Capital Preservation,Equity Sleeve,SMB,-0.08642560829112324,-0.5071317604967702,0.612948796008845,0.014262336291270605,132
Capital Preservation,Equity Sleeve,HML,0.008896614650175355,0.0522892222388651,0.9583810500058518,0.014262336291270605,132
Capital Preservation,Equity Sleeve,RMW,0.03556367074809377,0.15753801191027358,0.8750730321785449,0.014262336291270605,132
Capital Preservation,Equity Sleeve,CMA,0.20967313710504062,0.8431706720458052,0.4007307956641726,0.014262336291270605,132
Balanced Growth,Equity Sleeve,Alpha,-0.0009888736050368083,-0.20655403829166424,0.8366915651747711,0.012234311635541784,132
Balanced Growth,Equity Sleeve,Mkt-RF,-0.033694510252650745,-0.29439124777464537,0.768943401366088,0.012234311635541784,132
Balanced Growth,Equity Sleeve,SMB,-0.0913551531640072,-0.48967557206500223,0.6252149483868656,0.012234311635541784,132
Balanced Growth,Equity Sleeve,HML,0.07695541048090711,0.4131650577959555,0.6801879706142573,0.012234311635541784,132
Balanced Growth,Equity Sleeve,RMW,-0.036654435065582525,-0.14832089380531457,0.8823266333283593,0.012234311635541784,132
Balanced Growth,Equity Sleeve,CMA,0.19727522574356843,0.724673319313569,0.46999602332648005,0.012234311635541784,132
Long-Term Endowment Growth,Equity Sleeve,Alpha,-0.001582967672033394,-0.3358460858437811,0.7375455292445072,0.011672191550491706,132
Long-Term Endowment Growth,Equity Sleeve,Mkt-RF,-0.028950184716564235,-0.2569167533973002,0.797662092895389,0.011672191550491706,132
Long-Term Endowment Growth,Equity Sleeve,SMB,-0.10553606102806279,-0.5745814622914083,0.5665988486550577,0.011672191550491706,132
Long-Term Endowment Growth,Equity Sleeve,HML,0.06250175828242405,0.34084113383407433,0.7337908443772287,0.011672191550491706,132
Long-Term Endowment Growth,Equity Sleeve,RMW,-0.037234660664281466,-0.15303774016861973,0.8786133262778142,0.011672191550491706,132
Long-Term Endowment Growth,Equity Sleeve,CMA,0.1823815573726988,0.6804966365786493,0.4974385940433239,0.011672191550491706,132
