profile_name,factor,coefficient,t_stat,p_value,r_squared,observations
Capital Preservation,Alpha,0.0009182300613791836,0.6593595197969366,0.5108682323358174,0.04465967558613748,132
Capital Preservation,Mkt-RF,-0.008329420466668527,-0.250183348278207,0.8028530239699627,0.04465967558613748,132
Capital Preservation,SMB,0.05299670598104414,0.9765672030755247,0.33065468859657554,0.04465967558613748,132
Capital Preservation,HML,0.005779384944364412,0.1066703984292668,0.9152201187177293,0.04465967558613748,132
Capital Preservation,RMW,0.06703245798426452,0.9324784783048732,0.35287267944224165,0.04465967558613748,132
Capital Preservation,CMA,0.13685105453778557,1.7282069211347613,0.08640094396002976,0.04465967558613748,132
Balanced Growth,Alpha,0.0007643683761375743,0.30814552358126207,0.7584804344743034,0.019329167420457205,132
Balanced Growth,Mkt-RF,-0.016613914481249582,-0.28015473277040287,0.779818222634802,0.019329167420457205,132
Balanced Growth,SMB,0.02158917626618314,0.2233426724106137,0.8236305100564525,0.019329167420457205,132
Balanced Growth,HML,0.03836034506779598,0.39749088880019134,0.6916780803277269,0.019329167420457205,132
Balanced Growth,RMW,0.03745733374825512,0.2925316839212269,0.7703613052552085,0.019329167420457205,132
Balanced Growth,CMA,0.16886215259948498,1.1971878237024784,0.23348087076775123,0.019329167420457205,132
Long-Term Endowment Growth,Alpha,6.99862660390395e-05,0.024977799249158723,0.9801121868610458,0.014827362955869838,132
Long-Term Endowment Growth,Mkt-RF,-0.015743212677339052,-0.2350214766340106,0.8145735856670645,0.014827362955869838,132
Long-Term Endowment Growth,SMB,0.0042332607410520175,0.03877027222662804,0.9691349081953105,0.014827362955869838,132
Long-Term Endowment Growth,HML,0.03904102503111416,0.3581410313999333,0.720837069478155,0.014827362955869838,132
Long-Term Endowment Growth,RMW,0.04359236042973913,0.3013940202145584,0.763610889529599,0.014827362955869838,132
Long-Term Endowment Growth,CMA,0.15835369544324074,0.9939084156685982,0.3221723491551183,0.014827362955869838,132
