profile_name,portfolio_name,annualized_return,annualized_volatility,sharpe_ratio,sortino_ratio,max_drawdown,tracking_error_vs_benchmark,information_ratio,beta_vs_benchmark,historical_var_95,historical_cvar_95,best_month,worst_month,positive_month_percentage,correlation_to_benchmark
Capital Preservation,Equal Weight Portfolio,0.028516497406409158,0.04745225340108228,0.17947508908428184,0.30063130123041654,-0.07015903401154544,0.02385143921258024,0.1268725223159728,0.7553941738252091,-0.019843792499999995,-0.026257961428571425,0.040998480000000004,-0.036786349999999995,0.5378787878787878,0.9137256210051125
Capital Preservation,Minimum Volatility Portfolio,0.024988996701057253,0.03192890580887461,0.1562532938310265,0.2691708235835388,-0.051149562362492795,0.030382096655840164,-0.016503418354090683,0.5146276126140461,-0.012857530504708444,-0.016831554653807323,0.030121243080933894,-0.022645451438522108,0.5757575757575758,0.9251412846853964
Capital Preservation,Max Sharpe Portfolio,0.03582896769958355,0.045180652034161724,0.350348367872492,0.6046118908313912,-0.05564239142137595,0.029788116231336887,0.3470700351324818,0.6751307980210587,-0.01721819984295891,-0.02322598252394985,0.037945191838791525,-0.03749663846914151,0.5833333333333334,0.8576980813592016
Capital Preservation,Target Volatility Portfolio,0.028267314963801082,0.054287033433830255,0.15228894343394178,0.25894857297129703,-0.08875110235034667,0.029052484128322644,0.09558252571080245,0.8191673908795993,-0.022406543441577068,-0.03061471589471545,0.049661314395508416,-0.04135645715659596,0.5454545454545454,0.8661149971511876
Capital Preservation,IPS Recommended Portfolio,0.03355906858356694,0.052120578788695825,0.2601480815962792,0.4493780870374976,-0.0666999878794543,0.030687990646788173,0.2629257654498279,0.7693530385923063,-0.020839892130525426,-0.02753769599904274,0.0436173334557621,-0.04271663299849731,0.5303030303030303,0.8472575671533361
Balanced Growth,Equal Weight Portfolio,0.024840124707912414,0.09337582515354774,0.05183488017324918,0.09185683782845441,-0.17693747499948442,0.04069940597523893,0.47002725288031044,0.8575319336728755,-0.04217072549999997,-0.052644615714285706,0.08833876499999999,-0.07420273,0.5227272727272727,0.9126953376064731
Balanced Growth,Minimum Volatility Portfolio,0.016949450730631588,0.07494710913616574,-0.040702694267047715,-0.07690198983858028,-0.12589901345751897,0.03549384315469895,0.3166508613377161,0.7205784809705548,-0.03137914110890688,-0.03924592039342799,0.07040543581888503,-0.04623064035835759,0.5151515151515151,0.9555125277073757
Balanced Growth,Max Sharpe Portfolio,0.04123817124810536,0.08660329381198212,0.2452351442222735,0.4556426376464521,-0.13116292335287638,0.05207234092621081,0.6822792271801228,0.7424145950217803,-0.03526104297239481,-0.04625204061460042,0.08449230183467052,-0.05730007688007553,0.5454545454545454,0.8519656283226461
Balanced Growth,Target Volatility Portfolio,0.020631302817714303,0.09787912445664165,0.006449820850144163,0.01140390655710784,-0.19658030647303582,0.04791451909862742,0.31140890850830577,0.8687661843284685,-0.04529083343933807,-0.05538477672758254,0.0925817820019083,-0.07746382828514718,0.5227272727272727,0.8821101417326328
Balanced Growth,IPS Recommended Portfolio,0.03211631721097685,0.09126102006753475,0.13276552466771208,0.23929763000259738,-0.1562550453628231,0.04753530902103587,0.5555033307089892,0.8072309041505843,-0.03755800378903188,-0.05041264071904205,0.08716467054864514,-0.0681526778890763,0.5227272727272727,0.8790679457924709
Long-Term Endowment Growth,Equal Weight Portfolio,0.013421657164617073,0.12590293252275805,-0.05224932178759088,-0.09291637239677815,-0.28589186642146536,0.025238164132605306,0.11809288590961735,0.9774783776592105,-0.05480928299999997,-0.07159078714285715,0.11663512999999998,-0.09688174,0.5075757575757576,0.9799625853711653
Long-Term Endowment Growth,Minimum Volatility Portfolio,0.014642794646371637,0.09047632263315097,-0.05921113057777457,-0.11093101530487787,-0.1804915791919911,0.038433759630718656,0.10932016954896992,0.710542222978893,-0.03475346899999998,-0.049629099999999975,0.08331788999999998,-0.060038499999999946,0.5227272727272727,0.9912726664489423
Long-Term Endowment Growth,Max Sharpe Portfolio,0.03059025390518122,0.1023907205161969,0.10342982109893423,0.18908376028415189,-0.1661394546811803,0.04372348036991339,0.4608289232141932,0.7690182402478385,-0.044140549333826634,-0.05665061965453871,0.09650329387294761,-0.07366682451113189,0.5303030303030303,0.9480128476602904
Long-Term Endowment Growth,Target Volatility Portfolio,0.014887168942565143,0.11195012989665067,-0.04567061299665203,-0.0789188697918096,-0.24742685415116517,0.03141721630836416,0.14151347375242737,0.862340850887674,-0.05213904921815425,-0.0640101459220602,0.10504697656856837,-0.08868026003090297,0.49242424242424243,0.9722826576533402
Long-Term Endowment Growth,IPS Recommended Portfolio,0.024011375631499687,0.10275794728685857,0.039037132770875144,0.07052254102659271,-0.19272593818779626,0.03698343910956337,0.3669254788382707,0.7884538227807583,-0.044684074834922025,-0.058290213722527066,0.09666303501496623,-0.07768988470182632,0.5303030303030303,0.9684986602274698
