profile_name,ticker,asset_class,current_weight,target_weight,drift,drift_breach_flag,trade_direction,trade_amount,estimated_transaction_cost,post_trade_weight
Capital Preservation,SPY,Equity,0.1088888381102944,0.1062521081834581,0.0026367299268363065,False,Hold,0.0,0.0,0.1088888381102944
Capital Preservation,QQQ,Equity,0.0,0.013271937554875388,-0.013271937554875388,False,Hold,0.0,0.0,0.0
Capital Preservation,IWM,Equity,0.02446219556050257,4.3055429013411334e-16,0.02446219556050214,False,Hold,0.0,0.0,0.02446219556050257
Capital Preservation,EFA,Equity,0.09234233335566899,0.06623096328846031,0.026111370067208678,False,Hold,0.0,0.0,0.09234233335566899
Capital Preservation,EEM,Equity,0.0,6.445866776314213e-18,-6.445866776314213e-18,False,Hold,0.0,0.0,0.0
Capital Preservation,AGG,Fixed Income,0.13541300040197574,0.19097327598971472,-0.05556027558773899,True,Buy,5556027.5587738985,2778.013779386949,0.19097327598971472
Capital Preservation,TLT,Fixed Income,0.09730045693386283,0.1,-0.0026995430661371778,False,Hold,0.0,0.0,0.09730045693386283
Capital Preservation,SHY,Fixed Income,0.1425099485294383,0.1640856896923683,-0.021575741162930012,False,Hold,0.0,0.0,0.1425099485294383
Capital Preservation,LQD,Fixed Income,0.07739295814155993,0.08368717707314272,-0.006294218931582787,False,Hold,0.0,0.0,0.07739295814155993
Capital Preservation,HYG,Fixed Income,0.0006531218015624456,0.030557813900063097,-0.029904692098500652,False,Hold,0.0,0.0,0.0006531218015624456
Capital Preservation,VNQ,Alternatives,0.06378559667580962,0.03770957598462435,0.026076020691185267,False,Hold,0.0,0.0,0.06378559667580962
Capital Preservation,GLD,Alternatives,0.08336653206921445,0.062290424015375774,0.021076108053838673,False,Hold,0.0,0.0,0.08336653206921445
Capital Preservation,DBC,Alternatives,0.002152379589458897,0.0,0.002152379589458897,False,Hold,0.0,0.0,0.002152379589458897
Capital Preservation,SGOV,Cash,0.1717326388306519,0.14494103431791702,0.02679160451273488,False,Hold,0.0,0.0,0.1717326388306519
Balanced Growth,SPY,Equity,0.21000000000000005,0.15000000000000005,0.06,True,Sell,-6000000.0,3000.0,0.15000000000000005
Balanced Growth,QQQ,Equity,0.08998367689961785,0.09903144054012641,-0.009047763640508563,False,Hold,0.0,0.0,0.08998367689961785
Balanced Growth,IWM,Equity,0.010627713476897569,0.011696318838348686,-0.0010686053614511175,False,Hold,0.0,0.0,0.010627713476897569
Balanced Growth,EFA,Equity,0.10651376912262021,0.11722361607137564,-0.01070984694875543,False,Hold,0.0,0.0,0.10651376912262021
Balanced Growth,EEM,Equity,0.06546607943116409,0.07204862455014942,-0.006582545118985331,False,Hold,0.0,0.0,0.06546607943116409
Balanced Growth,AGG,Fixed Income,0.09500000000000008,0.15000000000000008,-0.05499999999999999,True,Buy,5499999.999999999,2749.9999999999995,0.15000000000000008
Balanced Growth,TLT,Fixed Income,0.08683426668162109,0.09556536045220174,-0.00873109377058065,False,Hold,0.0,0.0,0.08683426668162109
Balanced Growth,SHY,Fixed Income,0.0446381268942897,0.04912644339134848,-0.004488316497058782,False,Hold,0.0,0.0,0.0446381268942897
Balanced Growth,LQD,Fixed Income,0.055980795822874636,0.06160960569666953,-0.005628809873794896,False,Hold,0.0,0.0,0.055980795822874636
Balanced Growth,HYG,Fixed Income,0.09827567910763793,0.043275679107637924,0.05500000000000001,True,Sell,-5500000.000000001,2750.0000000000005,0.043275679107637924
Balanced Growth,VNQ,Alternatives,0.030396029604313878,0.03345231826627342,-0.0030562886619595435,False,Hold,0.0,0.0,0.030396029604313878
Balanced Growth,GLD,Alternatives,0.04816763003362095,0.05301083434226278,-0.004843204308641831,False,Hold,0.0,0.0,0.04816763003362095
Balanced Growth,DBC,Alternatives,0.0,0.0,0.0,False,Hold,0.0,0.0,0.0
Balanced Growth,SGOV,Cash,0.05811623292534201,0.06395975874360593,-0.005843525818263924,False,Hold,0.0,0.0,0.05811623292534201
Long-Term Endowment Growth,SPY,Equity,0.2224023727995914,0.20000000000000018,0.02240237279959123,False,Hold,0.0,0.0,0.2224023727995914
Long-Term Endowment Growth,QQQ,Equity,0.08051889881922425,0.08715007965600566,-0.0066311808367814085,False,Hold,0.0,0.0,0.08051889881922425
Long-Term Endowment Growth,IWM,Equity,0.03677263439847289,0.03,0.006772634398472893,False,Hold,0.0,0.0,0.03677263439847289
Long-Term Endowment Growth,EFA,Equity,0.1367028977281531,0.11426414615412124,0.02243875157403187,False,Hold,0.0,0.0,0.1367028977281531
Long-Term Endowment Growth,EEM,Equity,0.0864679579917392,0.06858577418987286,0.017882183801866347,False,Hold,0.0,0.0,0.0864679579917392
Long-Term Endowment Growth,AGG,Fixed Income,0.10574353285630395,0.09889104602324862,0.006852486833055324,False,Hold,0.0,0.0,0.10574353285630395
Long-Term Endowment Growth,TLT,Fixed Income,0.05212906716097685,0.072011339798962,-0.01988227263798515,False,Hold,0.0,0.0,0.05212906716097685
Long-Term Endowment Growth,SHY,Fixed Income,0.0,0.03538215233741683,-0.03538215233741683,False,Hold,0.0,0.0,0.0
Long-Term Endowment Growth,LQD,Fixed Income,0.05634615013680937,0.05032637521725742,0.006019774919551947,False,Hold,0.0,0.0,0.05634615013680937
Long-Term Endowment Growth,HYG,Fixed Income,0.017650091438715196,0.03780715838267499,-0.020157066943959794,False,Hold,0.0,0.0,0.017650091438715196
Long-Term Endowment Growth,VNQ,Alternatives,0.07384485158481789,0.05425705171713497,0.01958779986768292,False,Hold,0.0,0.0,0.07384485158481789
Long-Term Endowment Growth,GLD,Alternatives,0.06812594744413637,0.0693721585201035,-0.0012462110759671324,False,Hold,0.0,0.0,0.06812594744413637
Long-Term Endowment Growth,DBC,Alternatives,0.0,0.02000000000000008,-0.02000000000000008,False,Hold,0.0,0.0,0.0
Long-Term Endowment Growth,SGOV,Cash,0.06329559764105946,0.061952718003201686,0.0013428796378577787,False,Hold,0.0,0.0,0.06329559764105946
