ticker,asset_class,weight,marginal_risk_contribution,total_risk_contribution,percent_risk_contribution
SPY,Equity,0.15000000000000005,0.13944464211856014,0.020916696317784027,0.22919638967771017
QQQ,Equity,0.09903144054012641,0.1782499182414722,0.01765234617961275,0.1934270093250076
IWM,Equity,0.011696318838348686,0.1612168960600557,0.0018856442184473317,0.020662098857233042
EFA,Equity,0.11722361607137564,0.149775486872683,0.017557224170066756,0.19238470222088355
EEM,Equity,0.07204862455014942,0.21713209460397775,0.01564406876190952,0.1714211472798861
AGG,Fixed Income,0.15000000000000008,0.009242995098049083,0.0013864492647073631,0.015192129823679006
TLT,Fixed Income,0.09556536045220174,0.03899700422651388,0.0037267627654628335,0.04083630407270227
SHY,Fixed Income,0.04912644339134848,0.0019377614101300474,9.519532622069337e-05,0.0010431104775099724
LQD,Fixed Income,0.06160960569666953,0.029365574632274585,0.0018092014741505585,0.019824471311099937
HYG,Fixed Income,0.043275679107637924,0.03236979088619039,0.0014008246831721178,0.015349649632838672
VNQ,Alternatives,0.03345231826627342,0.13333892416146667,0.004460496128331878,0.04887624667170093
GLD,Alternatives,0.05301083434226278,0.08785501455480714,0.004657267622701967,0.05103238621763713
DBC,Alternatives,0.0,0.10075370637417068,0.0,0.0
SGOV,Cash,0.06395975874360593,0.0010763510732259417,6.884315496695255e-05,0.0007543544321114031
