date,series,rolling_12m_return,rolling_12m_volatility,rolling_12m_sharpe_ratio,rolling_max_drawdown
2016-05-31,Recommended Portfolio,0.10715465506527821,0.06860467066732007,1.2703895262162443,-0.03040377950748996
2016-06-30,Recommended Portfolio,0.11049409065636984,0.06876232185835862,1.3160418120082653,-0.030403779507489848
2016-07-31,Recommended Portfolio,0.13242811409364474,0.066390489738937,1.6934370349689916,-0.03040377950748996
2016-08-31,Recommended Portfolio,0.1376176645122702,0.06462470528024344,1.8200108457318929,-0.03040377950748996
2016-09-30,Recommended Portfolio,0.09821808808013377,0.0703661713902327,1.1115865270878014,-0.03040377950748996
2016-10-31,Recommended Portfolio,0.10579882411284092,0.07109262665279692,1.2068596724083118,-0.03040377950748996
2016-11-30,Recommended Portfolio,0.10325394933862175,0.06978462903789205,1.1930127090511013,-0.03040377950749007
2016-12-31,Recommended Portfolio,0.04508935199427988,0.07315740660582258,0.34295026516540056,-0.03040377950748996
2017-01-31,Recommended Portfolio,0.02907693420684132,0.07279071630093385,0.12469906422290379,-0.03040377950748996
2017-02-28,Recommended Portfolio,0.014590564648595317,0.07047398974689464,-0.07675789849322451,-0.02847152444365375
2017-03-31,Recommended Portfolio,0.05831053141927045,0.061752227951470416,0.6203910804542594,-0.02847152444365375
2017-04-30,Recommended Portfolio,0.03241344850033112,0.0663505504747323,0.18708885474971945,-0.030733134874868284
2017-05-31,Recommended Portfolio,0.009030517052577292,0.06881972362465572,-0.15939446382043773,-0.04646419988735806
2017-06-30,Recommended Portfolio,0.016152817823020804,0.07060605996895858,-0.05448798840596092,-0.04646419988735795
2017-07-31,Recommended Portfolio,-0.004375538741542728,0.07023275002225683,-0.3470679808752768,-0.04646419988735784
2017-08-31,Recommended Portfolio,-0.003367701484818908,0.07007977274801024,-0.33344431022691046,-0.04646419988735784
2017-09-30,Recommended Portfolio,0.0006766207358284149,0.06906260920624506,-0.27979509442606243,-0.05753884186340619
2017-10-31,Recommended Portfolio,-0.0027551695226885053,0.0681340416496157,-0.3339765111793695,-0.05753884186340641
2017-11-30,Recommended Portfolio,-0.04354762299429371,0.05008114953748968,-1.2688930581899547,-0.04653963674389561
2017-12-31,Recommended Portfolio,-0.023679814935980148,0.04439085393604622,-0.9839823085834198,-0.04653963674389572
2018-01-31,Recommended Portfolio,-0.035880031235873466,0.04640497824197526,-1.204181821710836,-0.051859243581723224
2018-02-28,Recommended Portfolio,-0.06870591732498732,0.051960783263612385,-1.7071705188691255,-0.07918235900756143
2018-03-31,Recommended Portfolio,-0.03259762517116449,0.07555236121746414,-0.6961744718973311,-0.06486582606341773
2018-04-30,Recommended Portfolio,-0.01936871891425551,0.07344505248278525,-0.536029556565204,-0.06486582606341762
2018-05-31,Recommended Portfolio,-0.02054496914042414,0.07371351870072333,-0.5500343743599678,-0.06486582606341762
2018-06-30,Recommended Portfolio,0.04317294619894274,0.11433214305209118,0.20268093976323748,-0.05697171981052118
2018-07-31,Recommended Portfolio,0.012617152812251842,0.12124405031490819,-0.06089244930842073,-0.048565289209342444
2018-08-31,Recommended Portfolio,0.04729248018542309,0.12260963808278624,0.22259653166087287,-0.048565289209342444
2018-09-30,Recommended Portfolio,0.020669894435043634,0.12915069806389437,0.005186920745191937,-0.052603162871995734
2018-10-31,Recommended Portfolio,0.004894018666427247,0.12841413749710504,-0.11763487749869676,-0.05319861943309312
2018-11-30,Recommended Portfolio,0.02359866439160374,0.12956262482014858,0.02777548229359509,-0.053198619433092786
2018-12-31,Recommended Portfolio,0.02465949750375729,0.129502670153856,0.03597993383627966,-0.05319861943309312
2019-01-31,Recommended Portfolio,0.01905376333337938,0.13043053915383515,-0.007254717129587181,-0.05938068055800627
2019-02-28,Recommended Portfolio,0.040093089529354975,0.12671570177017769,0.15856826935147705,-0.06762670980091512
2019-03-31,Recommended Portfolio,-0.0648832079680507,0.12842776823542446,-0.6609412367304317,-0.11932232564188505
2019-04-30,Recommended Portfolio,-0.06051081106976586,0.12847022031872526,-0.6266885109251342,-0.12052386164843165
2019-05-31,Recommended Portfolio,-0.056063343140348776,0.12804657552075685,-0.5940287183081957,-0.13174454392149526
2019-06-30,Recommended Portfolio,-0.10776725478144233,0.08985388224193276,-1.4219447350914378,-0.11953216472379569
2019-07-31,Recommended Portfolio,-0.0954400991208808,0.0861987974593749,-1.3392309698437173,-0.11953216472379569
2019-08-31,Recommended Portfolio,-0.13704094651768173,0.07943127849480337,-1.9770668368123496,-0.11743238166901926
2019-09-30,Recommended Portfolio,-0.08903544683690146,0.0773339591953684,-1.4099297122683936,-0.11743238166901959
2019-10-31,Recommended Portfolio,-0.052833229283791194,0.09029998759055177,-0.8065696488690531,-0.11743238166901926
2019-11-30,Recommended Portfolio,-0.03381082566128257,0.09788154893894792,-0.5497545374445008,-0.11409028862005344
2019-12-31,Recommended Portfolio,-0.013387029518583948,0.0998277386868735,-0.33444641697542593,-0.09528806258602074
2020-01-31,Recommended Portfolio,-0.030462781618064705,0.10485183862022147,-0.4812770313055109,-0.08728667390324152
2020-02-29,Recommended Portfolio,-0.014332395291435485,0.10501376484403933,-0.32693233446514436,-0.04622473068624022
2020-03-31,Recommended Portfolio,0.00774225609792456,0.09461649708954857,-0.1295518675826083,-0.06354937672222172
2020-04-30,Recommended Portfolio,0.018543301125150347,0.09493150702191444,-0.015344735594615416,-0.06354937672222138
2020-05-31,Recommended Portfolio,0.02200872687818589,0.09442468162433333,0.021273324343073455,-0.06368808089487155
2020-06-30,Recommended Portfolio,-0.05434432981890125,0.10269129172088441,-0.7239594377775441,-0.10971385348882379
2020-07-31,Recommended Portfolio,-0.023898284042588647,0.10084691766544794,-0.43529623967504794,-0.10971385348882368
2020-08-31,Recommended Portfolio,0.01955227948968008,0.10033263407763399,-0.004462361767293875,-0.1097138534888239
2020-09-30,Recommended Portfolio,0.05066724833346514,0.10883924157239284,0.2817664648376594,-0.10971385348882368
2020-10-31,Recommended Portfolio,0.030309306128991187,0.10361274695295547,0.09949843462476719,-0.1097138534888239
2020-11-30,Recommended Portfolio,0.0004639054081068128,0.09633812945130807,-0.20278673359302937,-0.10971385348882368
2020-12-31,Recommended Portfolio,-0.014754959554668545,0.09460572689107884,-0.3673663391930017,-0.08189810874285441
2021-01-31,Recommended Portfolio,0.0049227914136942275,0.08817571567733082,-0.17099048723890298,-0.08189810874285419
2021-02-28,Recommended Portfolio,0.001461421542912289,0.0879424121728048,-0.21080361567362782,-0.0580938527992807
2021-03-31,Recommended Portfolio,0.051746923196635874,0.08008078520905491,0.3964362126789708,-0.0580938527992807
2021-04-30,Recommended Portfolio,0.04743944028603919,0.07991253643360421,0.34336840639312466,-0.04915645273205649
2021-05-31,Recommended Portfolio,0.06612564236002383,0.0785953075713487,0.5868752701063106,-0.018511432824153573
2021-06-30,Recommended Portfolio,0.11638312770695203,0.05322169039135018,1.8109745669148576,-0.018511432824153573
2021-07-31,Recommended Portfolio,0.09771430315098373,0.056485440139377244,1.3758289385587592,-0.018511432824153573
2021-08-31,Recommended Portfolio,0.05898434544382569,0.058919870064726675,0.6616502276905782,-0.028790904528024353
2021-09-30,Recommended Portfolio,0.06201130649732556,0.06117583829067587,0.6867303770764792,-0.02879090452802413
2021-10-31,Recommended Portfolio,0.06289348124770933,0.06138940599307697,0.6987114560539407,-0.028790904528024353
2021-11-30,Recommended Portfolio,0.06406709329637916,0.061469133815344454,0.7168979056831731,-0.028790904528024353
2021-12-31,Recommended Portfolio,0.04366037168004144,0.06553695351041439,0.3610233679275556,-0.02879090452802424
2022-01-31,Recommended Portfolio,0.11403461848493768,0.07391650901366528,1.272173425662636,-0.028790904528024353
2022-02-28,Recommended Portfolio,0.0935415112065352,0.07749892415272751,0.9489358982791372,-0.028790904528024353
2022-03-31,Recommended Portfolio,0.004747326755027981,0.10780103986600668,-0.1414891105311286,-0.08140346386917718
2022-04-30,Recommended Portfolio,-0.021769669656415025,0.10987411879913446,-0.3801593142492085,-0.10099140883205449
2022-05-31,Recommended Portfolio,-0.02039584893463675,0.11001869492335827,-0.3671725879204212,-0.10099140883205449
2022-06-30,Recommended Portfolio,0.008249802356880442,0.11294233343561813,-0.10403714254600259,-0.10099140883205449
2022-07-31,Recommended Portfolio,-0.019054672086591617,0.11875494856391221,-0.32886774453506634,-0.10361424345158654
2022-08-31,Recommended Portfolio,0.007876179355121193,0.11832854365656591,-0.10245896949485586,-0.10361424345158665
2022-09-30,Recommended Portfolio,-0.007952120929327844,0.1121957602395125,-0.2491370517892691,-0.10361424345158654
2022-10-31,Recommended Portfolio,-0.0031537547321400794,0.11325731914762366,-0.2044349531349991,-0.10361424345158643
2022-11-30,Recommended Portfolio,0.0026436334120922833,0.11395271427969222,-0.15231200676192086,-0.10361424345158654
2022-12-31,Recommended Portfolio,-0.0017151178887411245,0.11477099030530534,-0.189203890556108,-0.10361424345158665
2023-01-31,Recommended Portfolio,-0.017748502397494148,0.10825372222566716,-0.3487039671375282,-0.0906838487152164
2023-02-28,Recommended Portfolio,-0.05546492096443756,0.11933347001459917,-0.632386881527917,-0.05207182014592382
2023-03-31,Recommended Portfolio,-0.003381033814195633,0.09853872799300016,-0.2372776094273973,-0.06796708132784213
2023-04-30,Recommended Portfolio,0.0412945630049697,0.097901267615285,0.21751059535459014,-0.06796708132784202
2023-05-31,Recommended Portfolio,0.08369919129491321,0.10866580731881874,0.5861935126292647,-0.06796708132784235
2023-06-30,Recommended Portfolio,0.07232435260511094,0.10728810462616542,0.4876994778445371,-0.06796708132784213
2023-07-31,Recommended Portfolio,0.14219853934112847,0.09803715300218531,1.2464513258397516,-0.06796708132784202
2023-08-31,Recommended Portfolio,0.12293908470909032,0.09944311957076984,1.0351554250652055,-0.06796708132784224
2023-09-30,Recommended Portfolio,0.0682259767489859,0.10025746465610293,0.4810213076343763,-0.06796708132784224
2023-10-31,Recommended Portfolio,0.012805337543217998,0.10340961624827515,-0.06957440437172116,-0.06796708132784224
2023-11-30,Recommended Portfolio,-0.019495370234048348,0.1036051376977705,-0.3812105375436248,-0.06796708132784213
2023-12-31,Recommended Portfolio,-0.022974576009449965,0.10440745002095776,-0.4116044975796618,-0.09071699620748619
2024-01-31,Recommended Portfolio,-0.02271452436215282,0.10450054844968422,-0.4087492840549001,-0.09071699620748641
2024-02-29,Recommended Portfolio,-0.021665600798521645,0.10396697103011461,-0.4007580521553617,-0.11028910195031338
2024-03-31,Recommended Portfolio,-0.01851341804069817,0.10350371898383529,-0.3720969489677276,-0.12238958130431254
2024-04-30,Recommended Portfolio,-0.05578555996560508,0.10106138227745738,-0.7498963328795644,-0.13668053451279438
2024-05-31,Recommended Portfolio,-0.11052461442661132,0.08117296896171362,-1.6079812786960532,-0.14541059394443812
2024-06-30,Recommended Portfolio,-0.08606591417195986,0.09378335354892493,-1.1309673855566207,-0.14541059394443778
2024-07-31,Recommended Portfolio,-0.12795994241394182,0.08696981065284641,-1.7012793439846274,-0.14095249575068425
2024-08-31,Recommended Portfolio,-0.11572236280455672,0.0890918626579221,-1.5233979709872887,-0.12465288783671036
2024-09-30,Recommended Portfolio,-0.060492263978463856,0.10260269102671275,-0.7845044138024371,-0.09903700428183004
2024-10-31,Recommended Portfolio,-0.03459763770650681,0.09931197519292133,-0.5497588543621915,-0.08851419775463076
2024-11-30,Recommended Portfolio,-0.02382366420641302,0.09821304073285218,-0.44621023724962466,-0.08851419775463076
2024-12-31,Recommended Portfolio,-0.005609926036603152,0.09509918707096796,-0.26929700269142887,-0.08851419775463076
2025-01-31,Recommended Portfolio,-0.03796741996378561,0.08878353804273495,-0.6529072983764587,-0.039475173419943
2025-02-28,Recommended Portfolio,0.018085610259386042,0.07164440387922748,-0.02672071560314866,-0.026231471447592192
2025-03-31,Recommended Portfolio,0.05155737503690405,0.07143460909575576,0.4417659092191912,-0.020624800250871766
2025-04-30,Recommended Portfolio,0.04542234865490902,0.07344876008251475,0.3461235918257669,-0.022023162139948482
2025-05-31,Recommended Portfolio,0.048602921214261796,0.07288100970612332,0.39246055082931475,-0.0289673698586983
2025-06-30,Recommended Portfolio,0.06413277445095278,0.08258665832824229,0.5343814042644297,-0.028967369858698078
2025-07-31,Recommended Portfolio,0.13638205949407212,0.08636772467637066,1.347517952223107,-0.02896736985869841
2025-08-31,Recommended Portfolio,0.09488895919703122,0.09483893501881285,0.7896436119002788,-0.028967369858698078
2025-09-30,Recommended Portfolio,0.06577598396515327,0.08752612207808257,0.5229979676731964,-0.02896736985869819
2025-10-31,Recommended Portfolio,0.10963310742599774,0.0932605755234647,0.9611039490469981,-0.02896736985869819
2025-11-30,Recommended Portfolio,0.13079557589051527,0.09191606715784216,1.2053994401245696,-0.028967369858698078
2025-12-31,Recommended Portfolio,0.185901916207575,0.09452747380657993,1.7550655859802191,-0.02896736985869819
2026-01-31,Recommended Portfolio,0.2144889759013926,0.09283067852499764,2.0950937663244615,-0.028967369858698078
2026-02-28,Recommended Portfolio,0.211337504563617,0.09324649338272226,2.0519538871911096,-0.02896736985869819
2026-03-31,Recommended Portfolio,0.18909715963889684,0.09458870202747702,1.7877099063033544,-0.028062722704341514
2026-04-30,Recommended Portfolio,0.2795206777051171,0.09214538375323578,2.816426250935265,-0.028062722704341625
2026-05-31,Recommended Portfolio,0.27059687565089163,0.09468038153803796,2.6467666435228088,-0.028062722704341625
2016-05-31,Benchmark,0.07466735427016347,0.08312835435684002,0.657625844913232,-0.04422579999999987
2016-06-30,Benchmark,0.09215738574129873,0.08239807620940495,0.8757168742376857,-0.04422579999999987
2016-07-31,Benchmark,0.10620719532032319,0.08054155919377048,1.0703442568441226,-0.04422580000000009
2016-08-31,Benchmark,0.12023947693943393,0.0761001528274657,1.3172046732507479,-0.04422580000000009
2016-09-30,Benchmark,0.05342514448712676,0.08575108086540632,0.38979269007221484,-0.06295668448201319
2016-10-31,Benchmark,0.06132411328826537,0.08800382781019965,0.469571771098301,-0.0629566844820133
2016-11-30,Benchmark,0.09972470038774639,0.10788950412921207,0.7389476949700818,-0.06295668448201341
2016-12-31,Benchmark,0.03017965342419293,0.10934083952616822,0.0931001944772581,-0.0629566844820133
2017-01-31,Benchmark,0.02307001764187744,0.10931833170599438,0.028083282958745483,-0.06295668448201319
2017-02-28,Benchmark,0.0032888903648573553,0.10842081541609484,-0.15413193094895242,-0.04506613135800008
2017-03-31,Benchmark,0.06791847864323497,0.097512395427938,0.49140910171411883,-0.04506613135800008
2017-04-30,Benchmark,0.049737217330455996,0.09944870988126127,0.29902064457106914,-0.04506613135800008
2017-05-31,Benchmark,0.03639386821835089,0.09981479204861918,0.16424287304396262,-0.04506613135800008
2017-06-30,Benchmark,0.019603630130546223,0.09967642212234912,-0.003976565982346834,-0.04506613135799997
2017-07-31,Benchmark,0.006762461898775829,0.10024492360787698,-0.13205195460076144,-0.04823956003158558
2017-08-31,Benchmark,0.014222161891294993,0.0996136446634058,-0.058002476751335665,-0.05107276050928333
2017-09-30,Benchmark,0.04293688961661202,0.0921073400723111,0.24902347194702243,-0.05847477254820699
2017-10-31,Benchmark,0.03452201427223245,0.08965788282179808,0.16197141640179108,-0.05847477254820732
2017-11-30,Benchmark,-0.03117750852275225,0.04756418911388926,-1.0759672240014677,-0.04253194818670858
2017-12-31,Benchmark,-0.006163587484634414,0.03777966148017167,-0.6925310195901608,-0.04253194818670869
2018-01-31,Benchmark,-0.005282403953232984,0.03778890776371486,-0.6690429930210712,-0.04253194818670858
2018-02-28,Benchmark,-0.04183484821723871,0.055091165539016114,-1.1224095118017907,-0.05816902285388392
2018-03-31,Benchmark,-0.022650881409944867,0.06613207323736896,-0.6449348904707304,-0.04514595956722933
2018-04-30,Benchmark,-0.03255614552505548,0.06879602489002612,-0.763941602862507,-0.04404724884956135
2018-05-31,Benchmark,-0.0626020233850596,0.07654788743366055,-1.0790895236220048,-0.06633327890927143
2018-06-30,Benchmark,0.020287582074546062,0.1169659489769721,0.002458682010118005,-0.0663332789092711
2018-07-31,Benchmark,-0.0006740749684565062,0.12079521991702999,-0.17114977714065843,-0.0663332789092711
2018-08-31,Benchmark,0.017565754674964795,0.12159379854545514,-0.020019485813869174,-0.06633327890927132
2018-09-30,Benchmark,-0.02960574935076521,0.13373358558257128,-0.3709296294918906,-0.06757647700573088
2018-10-31,Benchmark,-0.04757793346483086,0.13108496423695454,-0.5155277255343659,-0.06757647700573077
2018-11-30,Benchmark,-0.05943034092959687,0.13080043052577192,-0.6072636046404031,-0.07003153267462137
2018-12-31,Benchmark,-0.03683070299164026,0.13301082812784287,-0.4272637332730358,-0.07003153267462126
2019-01-31,Benchmark,-0.06351363406808908,0.13523461389946803,-0.6175462898143239,-0.07764902229065807
2019-02-28,Benchmark,-0.04318846033852619,0.1307890080182443,-0.48313280524087904,-0.09564261410420316
2019-03-31,Benchmark,-0.1104282098815238,0.1262592163215171,-1.0330193207392513,-0.1274879316052292
2019-04-30,Benchmark,-0.09582992050852501,0.12526067000908006,-0.924711008652026,-0.1341301914795049
2019-05-31,Benchmark,-0.059628863097382245,0.12165890419477211,-0.6545255657563619,-0.13413019147950478
2019-06-30,Benchmark,-0.10475811892336206,0.08685331703734238,-1.4364231923315331,-0.12133332536446284
2019-07-31,Benchmark,-0.09190622747525035,0.08435593391571658,-1.3265957980746248,-0.12133332536446295
2019-08-31,Benchmark,-0.12316254068153343,0.08116295426058288,-1.7638902130384981,-0.08879660909553588
2019-09-30,Benchmark,-0.08629233933604774,0.0665134377558811,-1.5980581206186324,-0.10156165739871637
2019-10-31,Benchmark,-0.04584409114944632,0.08709061838787134,-0.7560411484989076,-0.10156165739871625
2019-11-30,Benchmark,-0.01954411024624436,0.09002375626248489,-0.4392630555310806,-0.10156165739871648
2019-12-31,Benchmark,-0.03577016742649819,0.08726538200092455,-0.6390869569092967,-0.07631418350205155
2020-01-31,Benchmark,-0.059574287390818825,0.0973661530452027,-0.8172684747427177,-0.05793602260544761
2020-02-29,Benchmark,-0.026654022037457148,0.09773715477630444,-0.4773417247947966,-0.0513458
2020-03-31,Benchmark,-0.0390637477266208,0.10294828147868502,-0.5737225223992659,-0.08303396987120315
2020-04-30,Benchmark,-0.0017056587048064342,0.10812417706354627,-0.20074750434446942,-0.08303396987120326
2020-05-31,Benchmark,-0.023402475511842713,0.1098084782766796,-0.39525614226693323,-0.08303396987120326
2020-06-30,Benchmark,-0.08580981390880227,0.10811037604245032,-0.9787202466787766,-0.10491522014857613
2020-07-31,Benchmark,-0.06582791253966114,0.1084271643999871,-0.7915720476009364,-0.10491522014857613
2020-08-31,Benchmark,-0.024512215556923622,0.11073880592120612,-0.40195679542179064,-0.10491522014857613
2020-09-30,Benchmark,0.024444065213094168,0.1156347570377759,0.038431915515179986,-0.10491522014857613
2020-10-31,Benchmark,0.017585335975698113,0.11270868373848497,-0.021423939524522966,-0.10491522014857613
2020-11-30,Benchmark,-0.008707102550760348,0.11119765729675819,-0.2581628358783532,-0.10491522014857613
2020-12-31,Benchmark,0.012587597412693885,0.11389769704717877,-0.0650794772807017,-0.07024265607879765
2021-01-31,Benchmark,0.028139951821014364,0.10725512652483418,0.07589335899137291,-0.07024265607879776
2021-02-28,Benchmark,0.004657195703946959,0.1069164814342485,-0.14350270501081314,-0.05318366992960011
2021-03-31,Benchmark,0.05736275043980821,0.09304813670095716,0.40154216693115,-0.053183669929599886
2021-04-30,Benchmark,0.009255662106629758,0.09055090502584724,-0.11865522371425588,-0.05774809636455758
2021-05-31,Benchmark,0.04658642811072333,0.08893227076979839,0.29895141415586285,-0.05774809636455758
2021-06-30,Benchmark,0.07520122733841705,0.079843115915605,0.691371155864775,-0.057748096364557355
2021-07-31,Benchmark,0.05793033133401426,0.08150257406630011,0.46538813980474986,-0.059113743986746736
2021-08-31,Benchmark,0.0023744066817870113,0.08568478684709868,-0.2057027153450846,-0.08745568432213158
2021-09-30,Benchmark,0.006502878008182389,0.08766826581243643,-0.15395675808957246,-0.08745568432213147
2021-10-31,Benchmark,-0.031764218629790286,0.07529675339641151,-0.6874694630891917,-0.08745568432213147
2021-11-30,Benchmark,-0.02100826951326651,0.07546966101939127,-0.5433742375327457,-0.08745568432213147
2021-12-31,Benchmark,-0.06048879397393736,0.07118999000081665,-1.1306195431831645,-0.05261523046871042
2022-01-31,Benchmark,0.020608303955072405,0.07883803101242683,0.007715869451084089,-0.04777364892354552
2022-02-28,Benchmark,-0.004892803375395549,0.08594266994399131,-0.28964428719305724,-0.04777364892354563
2022-03-31,Benchmark,-0.07479109323944066,0.10930404761782618,-0.8672239986104721,-0.09884853730447996
2022-04-30,Benchmark,-0.057653990889460105,0.10901493029053828,-0.7123243640343815,-0.09884853730448007
2022-05-31,Benchmark,-0.0858958226466483,0.10668158209761852,-0.992634535076062,-0.10890747807733148
2022-06-30,Benchmark,-0.0731784327135716,0.10739934372758697,-0.8675884738170655,-0.10890747807733159
2022-07-31,Benchmark,-0.1078816794634968,0.11509267730613688,-1.111119164630624,-0.1461670321190286
2022-08-31,Benchmark,-0.07142953224172466,0.11395947159601806,-0.8022986677740911,-0.14616703211902848
2022-09-30,Benchmark,-0.08490236116123429,0.10825999373983496,-0.9689854722634701,-0.14616703211902837
2022-10-31,Benchmark,-0.07364978198745797,0.11013808995400445,-0.8502942263350284,-0.14616703211902848
2022-11-30,Benchmark,-0.0761625507128777,0.10988878358300605,-0.8750897732910107,-0.1461670321190286
2022-12-31,Benchmark,-0.07880351635669391,0.11022692061575856,-0.8963646612347483,-0.1461670321190287
2023-01-31,Benchmark,-0.0808831375663347,0.10901316674337186,-0.9254215851175475,-0.11690003971523921
2023-02-28,Benchmark,-0.09633815346532026,0.11441889732012252,-1.0167739437291379,-0.05467277928146308
2023-03-31,Benchmark,-0.03467540739752273,0.09381996747463639,-0.582769413262735,-0.05467277928146308
2023-04-30,Benchmark,0.0021982200916956796,0.10332542718528594,-0.1722884714174149,-0.0535440006004001
2023-05-31,Benchmark,0.05396396656648794,0.10823528263952652,0.3137975504679341,-0.0535440006004001
2023-06-30,Benchmark,0.08033130330276794,0.11129805740459432,0.5420696884533179,-0.05354400060039999
2023-07-31,Benchmark,0.17199174826653474,0.09690153651934998,1.5685174221792033,-0.0535440006004001
2023-08-31,Benchmark,0.10615934289576057,0.11454648536388268,0.7521779705597778,-0.05354400060039999
2023-09-30,Benchmark,0.07626393805049747,0.11374905125019728,0.4946321523749842,-0.05354400060039999
2023-10-31,Benchmark,0.025846078394161642,0.11971204495204317,0.04883450446864883,-0.08099896426361841
2023-11-30,Benchmark,0.020051012363083043,0.11988757786409737,0.0004255016574016465,-0.0844854703929947
2023-12-31,Benchmark,-0.013755841026253157,0.13033157888942695,-0.2589997091563784,-0.13233007660735108
2024-01-31,Benchmark,-0.013677811075927804,0.13036237317300642,-0.2583399661743909,-0.13233007660735108
2024-02-29,Benchmark,-0.012011461644976129,0.1297133964342087,-0.24678608782873487,-0.13737223284497002
2024-03-31,Benchmark,0.012257199914019301,0.13118784315074877,-0.05902071335286303,-0.13737223284497013
2024-04-30,Benchmark,-0.0513583852057955,0.12624163715818243,-0.5652523748276689,-0.1418779099755746
2024-05-31,Benchmark,-0.09873714283093538,0.1181169888130639,-1.005250337179294,-0.15413206504554167
2024-06-30,Benchmark,-0.11314732577373732,0.11326019169590316,-1.175588031240755,-0.15413206504554167
2024-07-31,Benchmark,-0.1652358491583803,0.10388250947735492,-1.7831283638634026,-0.12388442036124248
2024-08-31,Benchmark,-0.10672534628778552,0.10242321969076067,-1.2372716525647072,-0.12121361277318266
2024-09-30,Benchmark,-0.07855481799562647,0.10901840736241,-0.9040199758927003,-0.09166136012813553
2024-10-31,Benchmark,-0.045983929939128476,0.10535596695040367,-0.6262951387479593,-0.08820218156455528
2024-11-30,Benchmark,-0.06070414731593221,0.10651953296458228,-0.7576464622950076,-0.07855010232055981
2024-12-31,Benchmark,0.006427335110956056,0.0944244376294034,-0.14374101906027628,-0.07855010232055981
2025-01-31,Benchmark,-0.04145370159329009,0.08185372857526241,-0.7507746154383791,-0.05136481950246774
2025-02-28,Benchmark,0.007322275914982468,0.06588082198159728,-0.19243421231991983,-0.05136481950246774
2025-03-31,Benchmark,0.014840733825482566,0.06869665386489164,-0.07510214667317512,-0.027219832066251448
2025-04-30,Benchmark,0.0028438807546116163,0.07424177419911737,-0.2310844457916032,-0.03634859999999984
2025-05-31,Benchmark,-0.004164592571928694,0.07603066191593066,-0.317826939329401,-0.05674813648659993
2025-06-30,Benchmark,0.04360001559263238,0.09834452218736853,0.23997285326852286,-0.05674813648660004
2025-07-31,Benchmark,0.08489138011286745,0.0925077378724809,0.7014697538309524,-0.05674813648659993
2025-08-31,Benchmark,0.03632509004612472,0.0969596931042998,0.16836986095411602,-0.05674813648660004
2025-09-30,Benchmark,0.03770242131827328,0.09735403446234034,0.18183551833305014,-0.05674813648659993
2025-10-31,Benchmark,0.06724793166001741,0.10089702797682579,0.46827872542360116,-0.05674813648660004
2025-11-30,Benchmark,0.10126938035386224,0.09722748197506152,0.835868405752887,-0.05674813648659982
2025-12-31,Benchmark,0.1423835737211363,0.1071135434148099,1.1425592863377827,-0.05674813648659993
2026-01-31,Benchmark,0.15804077460237687,0.10558619502786253,1.3073752166743966,-0.05674813648660004
2026-02-28,Benchmark,0.16515038710897034,0.10499759098846896,1.3824163558658318,-0.05674813648659993
2026-03-31,Benchmark,0.1260782647972154,0.10546958494028677,1.0057711411045491,-0.02605740000000001
2026-04-30,Benchmark,0.2288574574779163,0.0994771655433273,2.0995517547888753,-0.02605740000000001
2026-05-31,Benchmark,0.2269544710236202,0.10013255612524105,2.066805033567418,-0.02605740000000001
